﻿<?xml version="1.0" encoding="UTF-8"?>
<site generator-info-name="WebGrab+Plus/w MDB &amp; REX Postprocess -- version V3.2.1.2 -- Jan van Straaten" site="tv.trueid.net">
  <channels>
    <channel update="i" site="tv.trueid.net" site_id="ch5" xmltv_id="ช่อง 5">ช่อง 5</channel>
    <channel update="i" site="tv.trueid.net" site_id="nbt" xmltv_id="เอ็นบีที">เอ็นบีที</channel>
    <channel update="i" site="tv.trueid.net" site_id="thaipbs" xmltv_id="ไทยพีบีเอส">ไทยพีบีเอส</channel>
    <channel update="i" site="tv.trueid.net" site_id="altv" xmltv_id="เอแอลทีวี">เอแอลทีวี</channel>
    <channel update="i" site="tv.trueid.net" site_id="tptv" xmltv_id="ทีพีทีวี">ทีพีทีวี</channel>
    <channel update="i" site="tv.trueid.net" site_id="hybrid-3-tnn16" xmltv_id="ทีเอ็นเอ็น 16">ทีเอ็นเอ็น 16</channel>
    <channel update="i" site="tv.trueid.net" site_id="jkn18" xmltv_id="เจเคเอ็น 18">เจเคเอ็น 18</channel>
    <channel update="i" site="tv.trueid.net" site_id="nationtv" xmltv_id="เนชั่น ทีวี">เนชั่น ทีวี</channel>
    <channel update="i" site="tv.trueid.net" site_id="workpointtv" xmltv_id="เวิร์คพอยท์ ทีวี">เวิร์คพอยท์ ทีวี</channel>
    <channel update="i" site="tv.trueid.net" site_id="true4u" xmltv_id="ทรูโฟร์ยู">ทรูโฟร์ยู</channel>
    <channel update="i" site="tv.trueid.net" site_id="gmm25" xmltv_id="จีเอ็มเอ็ม 25">จีเอ็มเอ็ม 25</channel>
    <channel update="i" site="tv.trueid.net" site_id="ch8" xmltv_id="ช่อง 8">ช่อง 8</channel>
    <channel update="i" site="tv.trueid.net" site_id="mono29" xmltv_id="โมโน 29">โมโน 29</channel>
    <channel update="i" site="tv.trueid.net" site_id="9mcot-hd" xmltv_id="9 เอ็มคอต HD">9 เอ็มคอต HD</channel>
    <channel update="i" site="tv.trueid.net" site_id="one-hd" xmltv_id="วัน HD">วัน HD</channel>
    <channel update="i" site="tv.trueid.net" site_id="thairathtv-hd" xmltv_id="ไทยรัฐ ทีวี HD">ไทยรัฐ ทีวี HD</channel>
    <channel update="i" site="tv.trueid.net" site_id="ch3-hd" xmltv_id="ช่อง 3 HD">ช่อง 3 HD</channel>
    <channel update="i" site="tv.trueid.net" site_id="amarintv-hd" xmltv_id="อมรินทร์ HD">อมรินทร์ HD</channel>
    <channel update="i" site="tv.trueid.net" site_id="ch7-hd" xmltv_id="ช่อง 7HD">ช่อง 7HD</channel>
    <channel update="i" site="tv.trueid.net" site_id="pptv-hd" xmltv_id="พีพีทีวี HD">พีพีทีวี HD</channel>
    <channel update="i" site="tv.trueid.net" site_id="hybrid-rama-channel" xmltv_id="RAMA CHANNEL">RAMA CHANNEL</channel>
    <channel update="i" site="tv.trueid.net" site_id="hybrid-true-select-hd" xmltv_id="True Shopping">True Shopping</channel>
    <channel update="i" site="tv.trueid.net" site_id="Mangorn" xmltv_id="มังกร">มังกร</channel>
    <channel update="i" site="tv.trueid.net" site_id="jatingjatv" xmltv_id="จ๊ะทิงจา แชนแนล">จ๊ะทิงจา แชนแนล</channel>
    <channel update="i" site="tv.trueid.net" site_id="zee-nung" xmltv_id="ซีหนัง">ซีหนัง</channel>
    <channel update="i" site="tv.trueid.net" site_id="hybrid-trueplookpanya" xmltv_id="ทรู ปลูกปัญญา">ทรู ปลูกปัญญา</channel>
    <channel update="i" site="tv.trueid.net" site_id="hybrid-true-select" xmltv_id="True Select">True Select</channel>
    <channel update="i" site="tv.trueid.net" site_id="hybrid-warner-tv-hd" xmltv_id="Warner TV">Warner TV</channel>
    <channel update="i" site="tv.trueid.net" site_id="dltv-1" xmltv_id="DLTV 1">DLTV 1</channel>
    <channel update="i" site="tv.trueid.net" site_id="dltv-2" xmltv_id="DLTV 2">DLTV 2</channel>
    <channel update="i" site="tv.trueid.net" site_id="dltv-3" xmltv_id="DLTV 3">DLTV 3</channel>
    <channel update="i" site="tv.trueid.net" site_id="dltv-4" xmltv_id="DLTV 4">DLTV 4</channel>
    <channel update="i" site="tv.trueid.net" site_id="dltv-5" xmltv_id="DLTV 5">DLTV 5</channel>
    <channel update="i" site="tv.trueid.net" site_id="dltv-6" xmltv_id="DLTV 6">DLTV 6</channel>
    <channel update="i" site="tv.trueid.net" site_id="dltv-7" xmltv_id="DLTV 7">DLTV 7</channel>
    <channel update="i" site="tv.trueid.net" site_id="dltv-8" xmltv_id="DLTV 8">DLTV 8</channel>
    <channel update="i" site="tv.trueid.net" site_id="dltv-9" xmltv_id="DLTV 9">DLTV 9</channel>
    <channel update="i" site="tv.trueid.net" site_id="dltv-10" xmltv_id="DLTV 10">DLTV 10</channel>
    <channel update="i" site="tv.trueid.net" site_id="dltv-11" xmltv_id="DLTV 11">DLTV 11</channel>
    <channel update="i" site="tv.trueid.net" site_id="dltv-12" xmltv_id="DLTV 12">DLTV 12</channel>
    <channel update="i" site="tv.trueid.net" site_id="dltv-13" xmltv_id="DLTV 13">DLTV 13</channel>
    <channel update="i" site="tv.trueid.net" site_id="dltv-14" xmltv_id="DLTV 14">DLTV 14</channel>
    <channel update="i" site="tv.trueid.net" site_id="dltv-15" xmltv_id="DLTV 15">DLTV 15</channel>
    <channel update="i" site="tv.trueid.net" site_id="true-film-hd" xmltv_id="True Flim HD">True Flim HD</channel>
    <channel update="i" site="tv.trueid.net" site_id="true-film-hd-2" xmltv_id="True Film HD2">True Film HD2</channel>
    <channel update="i" site="tv.trueid.net" site_id="hybrid-kbs-world-hd" xmltv_id="KBS World HD">KBS World HD</channel>
    <channel update="i" site="tv.trueid.net" site_id="hybrid-paramount-hd" xmltv_id="Paramount Channel">Paramount Channel</channel>
    <channel update="i" site="tv.trueid.net" site_id="celestial-classic-movies" xmltv_id="Celestial Classic Movies">Celestial Classic Movies</channel>
    <channel update="i" site="tv.trueid.net" site_id="tvb-xing-he" xmltv_id="TVB XING HE">TVB XING HE</channel>
    <channel update="i" site="tv.trueid.net" site_id="thai-film" xmltv_id="TRUE THAI FILM">TRUE THAI FILM</channel>
    <channel update="i" site="tv.trueid.net" site_id="film-asia-hd" xmltv_id="True Film Asia HD">True Film Asia HD</channel>
    <channel update="i" site="tv.trueid.net" site_id="true-movie-hits" xmltv_id="TRUE MOVIE HITS">TRUE MOVIE HITS</channel>
    <channel update="i" site="tv.trueid.net" site_id="hybrid-true-asian-series-hd" xmltv_id="TRUE ASIAN SERIES HD">TRUE ASIAN SERIES HD</channel>
    <channel update="i" site="tv.trueid.net" site_id="true-series" xmltv_id="True Series">True Series</channel>
    <channel update="i" site="tv.trueid.net" site_id="tvn" xmltv_id="TVN">TVN</channel>
    <channel update="i" site="tv.trueid.net" site_id="gem" xmltv_id="GEM">GEM</channel>
    <channel update="i" site="tv.trueid.net" site_id="mchannel" xmltv_id="เอ็ม แชนแนล">เอ็ม แชนแนล</channel>
    <channel update="i" site="tv.trueid.net" site_id="hybrid-realitychannel-hd" xmltv_id="เรียลลิตี้ แชนแนล เอชดี">เรียลลิตี้ แชนแนล เอชดี</channel>
    <channel update="i" site="tv.trueid.net" site_id="hybrid-true-inside-hd" xmltv_id="True Inside HD">True Inside HD</channel>
    <channel update="i" site="tv.trueid.net" site_id="hybrid-axn-hd" xmltv_id="AXN HD">AXN HD</channel>
    <channel update="i" site="tv.trueid.net" site_id="rtl-entertainment" xmltv_id="BLUE ANT ENTERTAINMENT">BLUE ANT ENTERTAINMENT</channel>
    <channel update="i" site="tv.trueid.net" site_id="rtl-extreme" xmltv_id="BLUE ANT EXTREME">BLUE ANT EXTREME</channel>
    <channel update="i" site="tv.trueid.net" site_id="hybrid-life-time" xmltv_id="LIFE TIME">LIFE TIME</channel>
    <channel update="i" site="tv.trueid.net" site_id="true-x-zyte-hd" xmltv_id="TRUE X-ZYTE HD">TRUE X-ZYTE HD</channel>
    <channel update="i" site="tv.trueid.net" site_id="food-network-hd" xmltv_id="FOOD NETWORK HD">FOOD NETWORK HD</channel>
    <channel update="i" site="tv.trueid.net" site_id="fashion-tv" xmltv_id="FASHION TV">FASHION TV</channel>
    <channel update="i" site="tv.trueid.net" site_id="hybrid-kmtv-hd" xmltv_id="KMTV HD">KMTV HD</channel>
    <channel update="i" site="tv.trueid.net" site_id="bbc-life-style" xmltv_id="BBC LIFE STYLE">BBC LIFE STYLE</channel>
    <channel update="i" site="tv.trueid.net" site_id="asian-food-channel" xmltv_id="Asian Food Channel">Asian Food Channel</channel>
    <channel update="i" site="tv.trueid.net" site_id="hybrid-2-true-music-channel" xmltv_id="TRUE MUSIC">TRUE MUSIC</channel>
    <channel update="i" site="tv.trueid.net" site_id="dharmatv" xmltv_id="ธรรมะทีวี">ธรรมะทีวี</channel>
    <channel update="i" site="tv.trueid.net" site_id="super-entertain" xmltv_id="ซุปเปอร์ บันเทิง">ซุปเปอร์ บันเทิง</channel>
    <channel update="i" site="tv.trueid.net" site_id="etv" xmltv_id="ETV">ETV</channel>
    <channel update="i" site="tv.trueid.net" site_id="hybrid-true-x-zyte" xmltv_id="TRUE SPARK PLAY">TRUE SPARK PLAY</channel>
    <channel update="i" site="tv.trueid.net" site_id="hybrid-toon-channel" xmltv_id="TRUE SPARK JUMP">TRUE SPARK JUMP</channel>
    <channel update="i" site="tv.trueid.net" site_id="disney" xmltv_id="Disney Channel">Disney Channel</channel>
    <channel update="i" site="tv.trueid.net" site_id="disney-junior" xmltv_id="DISNEY JUNIOR">DISNEY JUNIOR</channel>
    <channel update="i" site="tv.trueid.net" site_id="hybrid-cartoon-network" xmltv_id="CARTOON NETWORK HD">CARTOON NETWORK HD</channel>
    <channel update="i" site="tv.trueid.net" site_id="nickelodeon" xmltv_id="NICKELODEON">NICKELODEON</channel>
    <channel update="i" site="tv.trueid.net" site_id="cartoonclub" xmltv_id="การ์ตูน คลับ">การ์ตูน คลับ</channel>
    <channel update="i" site="tv.trueid.net" site_id="discoveryasia" xmltv_id="Discovery Asia">Discovery Asia</channel>
    <channel update="i" site="tv.trueid.net" site_id="hybrid-history-channel-hd" xmltv_id="HISTORY CHANNEL HD">HISTORY CHANNEL HD</channel>
    <channel update="i" site="tv.trueid.net" site_id="h2" xmltv_id="H2">H2</channel>
    <channel update="i" site="tv.trueid.net" site_id="hybrid-true-explore-wild" xmltv_id="TRUE EXPLORE WILD">TRUE EXPLORE WILD</channel>
    <channel update="i" site="tv.trueid.net" site_id="true-explore-life" xmltv_id="TRUE EXPLORE LIFE">TRUE EXPLORE LIFE</channel>
    <channel update="i" site="tv.trueid.net" site_id="true-explore-3" xmltv_id="TRUE EXPLORE SCI">TRUE EXPLORE SCI</channel>
    <channel update="i" site="tv.trueid.net" site_id="discoverychannel" xmltv_id="Discovery Channel">Discovery Channel</channel>
    <channel update="i" site="tv.trueid.net" site_id="lovenature" xmltv_id="LoveNature 4K">LoveNature 4K</channel>
    <channel update="i" site="tv.trueid.net" site_id="tcl-hd" xmltv_id="TLC HD">TLC HD</channel>
    <channel update="i" site="tv.trueid.net" site_id="animalplanet-hd" xmltv_id="Animal Planet HD">Animal Planet HD</channel>
    <channel update="i" site="tv.trueid.net" site_id="hybrid-bbc-earth-hd" xmltv_id="BBC Earth HD">BBC Earth HD</channel>
    <channel update="i" site="tv.trueid.net" site_id="truepremierfootballhd1" xmltv_id="ทรู พรีเมียร์ ฟุตบอล เอชดี 1">ทรู พรีเมียร์ ฟุตบอล เอชดี 1</channel>
    <channel update="i" site="tv.trueid.net" site_id="truepremierfootballhd2" xmltv_id="ทรู พรีเมียร์ ฟุตบอล เอชดี 2">ทรู พรีเมียร์ ฟุตบอล เอชดี 2</channel>
    <channel update="i" site="tv.trueid.net" site_id="truepremierfootballhd3" xmltv_id="ทรู พรีเมียร์ ฟุตบอล เอชดี 3">ทรู พรีเมียร์ ฟุตบอล เอชดี 3</channel>
    <channel update="i" site="tv.trueid.net" site_id="truepremierfootballhd4" xmltv_id="ทรู พรีเมียร์ ฟุตบอล เอชดี 4">ทรู พรีเมียร์ ฟุตบอล เอชดี 4</channel>
    <channel update="i" site="tv.trueid.net" site_id="truepremierfootballhd5" xmltv_id="ทรู พรีเมียร์ ฟุตบอล เอชดี 5">ทรู พรีเมียร์ ฟุตบอล เอชดี 5</channel>
    <channel update="i" site="tv.trueid.net" site_id="hybrid-truesport-hd" xmltv_id="ทรูสปอร์ต เอชดี">ทรูสปอร์ต เอชดี</channel>
    <channel update="i" site="tv.trueid.net" site_id="truesport-hd-2" xmltv_id="ทรูสปอร์ต เอชดี 2">ทรูสปอร์ต เอชดี 2</channel>
    <channel update="i" site="tv.trueid.net" site_id="hybrid-truesport-hd-3" xmltv_id="ทรูสปอร์ต เอชดี 3">ทรูสปอร์ต เอชดี 3</channel>
    <channel update="i" site="tv.trueid.net" site_id="hybrid-truesport-hd-4" xmltv_id="ทรูสปอร์ต เอชดี 4">ทรูสปอร์ต เอชดี 4</channel>
    <channel update="i" site="tv.trueid.net" site_id="hybrid-true-tennis-hd" xmltv_id="TRUE TENNIS HD">TRUE TENNIS HD</channel>
    <channel update="i" site="tv.trueid.net" site_id="motor-vision" xmltv_id="MOTOR VISION">MOTOR VISION</channel>
    <channel update="i" site="tv.trueid.net" site_id="nfl-network-hd" xmltv_id="NFL Network">NFL Network</channel>
    <channel update="i" site="tv.trueid.net" site_id="outdoor-channel" xmltv_id="OUTDOOR CHANNEL">OUTDOOR CHANNEL</channel>
    <channel update="i" site="tv.trueid.net" site_id="nba-tv" xmltv_id="NBA TV">NBA TV</channel>
    <channel update="i" site="tv.trueid.net" site_id="golf-channel" xmltv_id="Golf Channel Thailand HD">Golf Channel Thailand HD</channel>
    <channel update="i" site="tv.trueid.net" site_id="golf-channelhd2" xmltv_id="Golf Channel Thailand HD2">Golf Channel Thailand HD2</channel>
    <channel update="i" site="tv.trueid.net" site_id="fox-sports-hd" xmltv_id="FOX SPORTS HD">FOX SPORTS HD</channel>
    <channel update="i" site="tv.trueid.net" site_id="truesport-5" xmltv_id="ทรูสปอร์ต 5">ทรูสปอร์ต 5</channel>
    <channel update="i" site="tv.trueid.net" site_id="truesport-7" xmltv_id="ทรูสปอร์ต 7">ทรูสปอร์ต 7</channel>
    <channel update="i" site="tv.trueid.net" site_id="fox-sports-2-hd" xmltv_id="Fox Sports HD2">Fox Sports HD2</channel>
    <channel update="i" site="tv.trueid.net" site_id="fox-sports-3" xmltv_id="FOX SPORTS 3">FOX SPORTS 3</channel>
    <channel update="i" site="tv.trueid.net" site_id="cnn-hd" xmltv_id="CNN HD">CNN HD</channel>
    <channel update="i" site="tv.trueid.net" site_id="phoenix-infonews" xmltv_id="PHOENIX INFONEWS">PHOENIX INFONEWS</channel>
    <channel update="i" site="tv.trueid.net" site_id="hybrid-bbc-world-news-hd" xmltv_id="BBC WORLD NEWS HD">BBC WORLD NEWS HD</channel>
    <channel update="i" site="tv.trueid.net" site_id="cnbc" xmltv_id="CNBC">CNBC</channel>
    <channel update="i" site="tv.trueid.net" site_id="tnn-2" xmltv_id="TNN 2">TNN 2</channel>
    <channel update="i" site="tv.trueid.net" site_id="cctv" xmltv_id="CCTV4">CCTV4</channel>
    <channel update="i" site="tv.trueid.net" site_id="tv5" xmltv_id="TV5Monde">TV5Monde</channel>
    <channel update="i" site="tv.trueid.net" site_id="aljazeera" xmltv_id="ALJAZEERA">ALJAZEERA</channel>
    <channel update="i" site="tv.trueid.net" site_id="deutsche-welle" xmltv_id="Deutsche Welle">Deutsche Welle</channel>
    <channel update="i" site="tv.trueid.net" site_id="ytn" xmltv_id="YTN">YTN</channel>
    <channel update="i" site="tv.trueid.net" site_id="australia-network" xmltv_id="ABC Australia">ABC Australia</channel>
    <channel update="i" site="tv.trueid.net" site_id="nhk-world-tv" xmltv_id="NHK WORLD TV">NHK WORLD TV</channel>
    <channel update="i" site="tv.trueid.net" site_id="russia-today" xmltv_id="Russia Today">Russia Today</channel>
    <channel update="i" site="tv.trueid.net" site_id="sabaideetv" xmltv_id="สบายดี ทีวี">สบายดี ทีวี</channel>
    <channel update="i" site="tv.trueid.net" site_id="thai-cctv" xmltv_id="ไทยซีซีทีวี">ไทยซีซีทีวี</channel>
    <channel update="i" site="tv.trueid.net" site_id="idstation" xmltv_id="ไอดี สเตชั่น">ไอดี สเตชั่น</channel>
    <channel update="i" site="tv.trueid.net" site_id="ESPORTSTHAILEAGUESTV" xmltv_id="Esports Thai Leagues TV">Esports Thai Leagues TV</channel>
    <channel update="i" site="tv.trueid.net" site_id="truepremierlite1" xmltv_id="ทรู พรีเมียร์ ฟุตบอล ไลท์ 1">ทรู พรีเมียร์ ฟุตบอล ไลท์ 1</channel>
    <channel update="i" site="tv.trueid.net" site_id="truepremierlite2" xmltv_id="ทรู พรีเมียร์ ฟุตบอล ไลท์ 2">ทรู พรีเมียร์ ฟุตบอล ไลท์ 2</channel>
    <channel update="i" site="tv.trueid.net" site_id="TOONEE" xmltv_id="TOONEE">TOONEE</channel>
    <channel update="i" site="tv.trueid.net" site_id="zing" xmltv_id="Zing">Zing</channel>
    <channel update="i" site="tv.trueid.net" site_id="ATTV" xmltv_id="แอททีวี">แอททีวี</channel>
    <channel update="i" site="tv.trueid.net" site_id="MediaTV" xmltv_id="มีเดีย ทีวี">มีเดีย ทีวี</channel>
  </channels>
</site>